{
  "version": "v1",
  "root": "drill_images_v1",
  "drills": {
    "78-1": {
      "session_id": 78,
      "images": [
        "drill_images_v1/TE_078/78-1_p02_img1.jpeg"
      ]
    },
    "78-2": {
      "session_id": 78,
      "images": [
        "drill_images_v1/TE_078/78-2_p02_img2.png",
        "drill_images_v1/TE_078/78-2_p02_img3.jpeg",
        "drill_images_v1/TE_078/78-2_p02_img4.jpeg",
        "drill_images_v1/TE_078/78-2_p02_img5.png",
        "drill_images_v1/TE_078/78-2_p02_img6.jpeg",
        "drill_images_v1/TE_078/78-2_p02_img7.jpeg",
        "drill_images_v1/TE_078/78-2_p02_img8.png",
        "drill_images_v1/TE_078/78-2_p02_img9.jpeg",
        "drill_images_v1/TE_078/78-2_p02_img10.jpeg",
        "drill_images_v1/TE_078/78-2_p02_img11.png",
        "drill_images_v1/TE_078/78-2_p02_img12.png",
        "drill_images_v1/TE_078/78-2_p02_img13.jpeg",
        "drill_images_v1/TE_078/78-2_p02_img14.png"
      ]
    },
    "78-3": {
      "session_id": 78,
      "images": [
        "drill_images_v1/TE_078/78-3_p03_img1.jpeg"
      ]
    },
    "78-4": {
      "session_id": 78,
      "images": [
        "drill_images_v1/TE_078/78-4_p03_img2.jpeg",
        "drill_images_v1/TE_078/78-4_p03_img3.png",
        "drill_images_v1/TE_078/78-4_p03_img4.png",
        "drill_images_v1/TE_078/78-4_p03_img5.png",
        "drill_images_v1/TE_078/78-4_p03_img6.png",
        "drill_images_v1/TE_078/78-4_p03_img7.jpeg",
        "drill_images_v1/TE_078/78-4_p03_img8.png"
      ]
    },
    "78-5": {
      "session_id": 78,
      "images": [
        "drill_images_v1/TE_078/78-5_p04_img1.jpeg",
        "drill_images_v1/TE_078/78-5_p04_img2.jpeg",
        "drill_images_v1/TE_078/78-5_p04_img3.png",
        "drill_images_v1/TE_078/78-5_p04_img4.png",
        "drill_images_v1/TE_078/78-5_p04_img5.png",
        "drill_images_v1/TE_078/78-5_p04_img6.png",
        "drill_images_v1/TE_078/78-5_p04_img7.png",
        "drill_images_v1/TE_078/78-5_p04_img8.png",
        "drill_images_v1/TE_078/78-5_p04_img9.jpeg",
        "drill_images_v1/TE_078/78-5_p04_img10.jpeg",
        "drill_images_v1/TE_078/78-5_p04_img11.jpeg",
        "drill_images_v1/TE_078/78-5_p04_img12.png"
      ]
    },
    "78-6": {
      "session_id": 78,
      "images": [
        "drill_images_v1/TE_078/78-6_p05_img1.jpeg",
        "drill_images_v1/TE_078/78-6_p05_img2.jpeg",
        "drill_images_v1/TE_078/78-6_p05_img3.jpeg",
        "drill_images_v1/TE_078/78-6_p05_img4.png",
        "drill_images_v1/TE_078/78-6_p05_img5.png",
        "drill_images_v1/TE_078/78-6_p05_img6.png",
        "drill_images_v1/TE_078/78-6_p05_img7.png",
        "drill_images_v1/TE_078/78-6_p05_img8.png",
        "drill_images_v1/TE_078/78-6_p05_img9.jpeg",
        "drill_images_v1/TE_078/78-6_p05_img10.jpeg",
        "drill_images_v1/TE_078/78-6_p05_img11.png",
        "drill_images_v1/TE_078/78-6_p05_img12.jpeg",
        "drill_images_v1/TE_078/78-6_p05_img13.jpeg",
        "drill_images_v1/TE_078/78-6_p05_img14.png"
      ]
    },
    "78-7": {
      "session_id": 78,
      "images": [
        "drill_images_v1/TE_078/78-7_p06_img1.png"
      ]
    },
    "104-1": {
      "session_id": 104,
      "images": [
        "drill_images_v1/TE_104/104-1_p02_img1.jpeg"
      ]
    },
    "104-2": {
      "session_id": 104,
      "images": [
        "drill_images_v1/TE_104/104-2_p02_img2.png",
        "drill_images_v1/TE_104/104-2_p02_img3.png",
        "drill_images_v1/TE_104/104-2_p02_img4.png",
        "drill_images_v1/TE_104/104-2_p02_img5.jpeg",
        "drill_images_v1/TE_104/104-2_p02_img6.jpeg",
        "drill_images_v1/TE_104/104-2_p02_img7.jpeg",
        "drill_images_v1/TE_104/104-2_p02_img8.jpeg",
        "drill_images_v1/TE_104/104-2_p02_img9.png",
        "drill_images_v1/TE_104/104-2_p02_img10.png"
      ]
    },
    "104-3": {
      "session_id": 104,
      "images": [
        "drill_images_v1/TE_104/104-3_p03_img1.jpeg"
      ]
    },
    "104-4": {
      "session_id": 104,
      "images": [
        "drill_images_v1/TE_104/104-4_p03_img2.png",
        "drill_images_v1/TE_104/104-4_p03_img3.jpeg",
        "drill_images_v1/TE_104/104-4_p03_img4.png",
        "drill_images_v1/TE_104/104-4_p03_img5.png",
        "drill_images_v1/TE_104/104-4_p03_img6.jpeg",
        "drill_images_v1/TE_104/104-4_p03_img7.png",
        "drill_images_v1/TE_104/104-4_p03_img8.png"
      ]
    },
    "104-5": {
      "session_id": 104,
      "images": [
        "drill_images_v1/TE_104/104-5_p04_img1.jpeg"
      ]
    },
    "104-6": {
      "session_id": 104,
      "images": [
        "drill_images_v1/TE_104/104-6_p04_img2.jpeg",
        "drill_images_v1/TE_104/104-6_p04_img3.png",
        "drill_images_v1/TE_104/104-6_p04_img4.png",
        "drill_images_v1/TE_104/104-6_p04_img5.png",
        "drill_images_v1/TE_104/104-6_p04_img6.jpeg",
        "drill_images_v1/TE_104/104-6_p04_img7.jpeg",
        "drill_images_v1/TE_104/104-6_p04_img8.png",
        "drill_images_v1/TE_104/104-6_p04_img9.png"
      ]
    },
    "104-7": {
      "session_id": 104,
      "images": [
        "drill_images_v1/TE_104/104-7_p05_img1.jpeg"
      ]
    },
    "104-8": {
      "session_id": 104,
      "images": [
        "drill_images_v1/TE_104/104-8_p05_img2.jpeg",
        "drill_images_v1/TE_104/104-8_p05_img3.png",
        "drill_images_v1/TE_104/104-8_p05_img4.png",
        "drill_images_v1/TE_104/104-8_p05_img5.png",
        "drill_images_v1/TE_104/104-8_p05_img6.png",
        "drill_images_v1/TE_104/104-8_p05_img7.jpeg",
        "drill_images_v1/TE_104/104-8_p05_img8.png",
        "drill_images_v1/TE_104/104-8_p05_img9.png"
      ]
    },
    "116-1": {
      "session_id": 116,
      "images": [
        "drill_images_v1/TE_116/116-1_p02_img1.jpeg"
      ]
    },
    "116-2": {
      "session_id": 116,
      "images": [
        "drill_images_v1/TE_116/116-2_p02_img2.png"
      ]
    },
    "116-3": {
      "session_id": 116,
      "images": [
        "drill_images_v1/TE_116/116-3_p03_img1.jpeg"
      ]
    },
    "116-4": {
      "session_id": 116,
      "images": [
        "drill_images_v1/TE_116/116-4_p03_img2.png",
        "drill_images_v1/TE_116/116-4_p03_img3.jpeg",
        "drill_images_v1/TE_116/116-4_p03_img4.png",
        "drill_images_v1/TE_116/116-4_p03_img5.png",
        "drill_images_v1/TE_116/116-4_p03_img6.jpeg",
        "drill_images_v1/TE_116/116-4_p03_img7.jpeg",
        "drill_images_v1/TE_116/116-4_p03_img8.png",
        "drill_images_v1/TE_116/116-4_p03_img9.jpeg",
        "drill_images_v1/TE_116/116-4_p03_img10.png",
        "drill_images_v1/TE_116/116-4_p03_img11.jpeg",
        "drill_images_v1/TE_116/116-4_p03_img12.png"
      ]
    },
    "116-5": {
      "session_id": 116,
      "images": [
        "drill_images_v1/TE_116/116-5_p04_img1.jpeg",
        "drill_images_v1/TE_116/116-5_p04_img2.png",
        "drill_images_v1/TE_116/116-5_p04_img3.png",
        "drill_images_v1/TE_116/116-5_p04_img4.jpeg",
        "drill_images_v1/TE_116/116-5_p04_img5.png"
      ]
    },
    "116-6": {
      "session_id": 116,
      "images": [
        "drill_images_v1/TE_116/116-6_p05_img1.jpeg"
      ]
    },
    "116-7": {
      "session_id": 116,
      "images": [
        "drill_images_v1/TE_116/116-7_p05_img2.png",
        "drill_images_v1/TE_116/116-7_p05_img3.png",
        "drill_images_v1/TE_116/116-7_p05_img4.png",
        "drill_images_v1/TE_116/116-7_p05_img5.jpeg",
        "drill_images_v1/TE_116/116-7_p05_img6.png",
        "drill_images_v1/TE_116/116-7_p05_img7.jpeg",
        "drill_images_v1/TE_116/116-7_p05_img8.jpeg",
        "drill_images_v1/TE_116/116-7_p05_img9.png",
        "drill_images_v1/TE_116/116-7_p05_img10.png"
      ]
    },
    "121-1": {
      "session_id": 121,
      "images": [
        "drill_images_v1/TE_121/121-1_p02_img1.jpeg"
      ]
    },
    "121-2": {
      "session_id": 121,
      "images": [
        "drill_images_v1/TE_121/121-2_p02_img2.png"
      ]
    },
    "121-3": {
      "session_id": 121,
      "images": [
        "drill_images_v1/TE_121/121-3_p03_img1.jpeg"
      ]
    },
    "121-4": {
      "session_id": 121,
      "images": [
        "drill_images_v1/TE_121/121-4_p03_img2.png",
        "drill_images_v1/TE_121/121-4_p03_img3.png",
        "drill_images_v1/TE_121/121-4_p03_img4.jpeg",
        "drill_images_v1/TE_121/121-4_p03_img5.jpeg",
        "drill_images_v1/TE_121/121-4_p03_img6.png",
        "drill_images_v1/TE_121/121-4_p03_img7.png",
        "drill_images_v1/TE_121/121-4_p03_img8.png"
      ]
    },
    "121-5": {
      "session_id": 121,
      "images": [
        "drill_images_v1/TE_121/121-5_p04_img1.jpeg",
        "drill_images_v1/TE_121/121-5_p04_img2.jpeg",
        "drill_images_v1/TE_121/121-5_p04_img3.jpeg",
        "drill_images_v1/TE_121/121-5_p04_img4.jpeg",
        "drill_images_v1/TE_121/121-5_p04_img5.png",
        "drill_images_v1/TE_121/121-5_p04_img6.png",
        "drill_images_v1/TE_121/121-5_p04_img7.png"
      ]
    },
    "121-6": {
      "session_id": 121,
      "images": [
        "drill_images_v1/TE_121/121-6_p05_img1.jpeg"
      ]
    },
    "121-7": {
      "session_id": 121,
      "images": [
        "drill_images_v1/TE_121/121-7_p05_img2.png",
        "drill_images_v1/TE_121/121-7_p05_img3.jpeg",
        "drill_images_v1/TE_121/121-7_p05_img4.jpeg",
        "drill_images_v1/TE_121/121-7_p05_img5.png",
        "drill_images_v1/TE_121/121-7_p05_img6.png",
        "drill_images_v1/TE_121/121-7_p05_img7.png",
        "drill_images_v1/TE_121/121-7_p05_img8.png"
      ]
    },
    "184-1": {
      "session_id": 184,
      "images": [
        "drill_images_v1/TE_184/184-1_p02_img1.jpeg"
      ]
    },
    "184-2": {
      "session_id": 184,
      "images": [
        "drill_images_v1/TE_184/184-2_p02_img2.jpeg",
        "drill_images_v1/TE_184/184-2_p02_img3.jpeg",
        "drill_images_v1/TE_184/184-2_p02_img4.jpeg",
        "drill_images_v1/TE_184/184-2_p02_img5.jpeg",
        "drill_images_v1/TE_184/184-2_p02_img6.jpeg",
        "drill_images_v1/TE_184/184-2_p02_img7.jpeg",
        "drill_images_v1/TE_184/184-2_p02_img8.jpeg",
        "drill_images_v1/TE_184/184-2_p02_img9.jpeg"
      ]
    },
    "184-3": {
      "session_id": 184,
      "images": [
        "drill_images_v1/TE_184/184-3_p03_img1.jpeg",
        "drill_images_v1/TE_184/184-3_p03_img2.jpeg",
        "drill_images_v1/TE_184/184-3_p03_img3.jpeg",
        "drill_images_v1/TE_184/184-3_p03_img4.jpeg",
        "drill_images_v1/TE_184/184-3_p03_img5.png",
        "drill_images_v1/TE_184/184-3_p03_img6.jpeg",
        "drill_images_v1/TE_184/184-3_p03_img7.jpeg",
        "drill_images_v1/TE_184/184-3_p03_img8.jpeg",
        "drill_images_v1/TE_184/184-3_p03_img9.jpeg",
        "drill_images_v1/TE_184/184-3_p03_img10.jpeg",
        "drill_images_v1/TE_184/184-3_p03_img11.jpeg",
        "drill_images_v1/TE_184/184-3_p03_img12.jpeg",
        "drill_images_v1/TE_184/184-3_p03_img13.jpeg",
        "drill_images_v1/TE_184/184-3_p03_img14.jpeg",
        "drill_images_v1/TE_184/184-3_p03_img15.jpeg"
      ]
    },
    "184-4": {
      "session_id": 184,
      "images": [
        "drill_images_v1/TE_184/184-4_p04_img1.jpeg"
      ]
    },
    "184-5": {
      "session_id": 184,
      "images": [
        "drill_images_v1/TE_184/184-5_p04_img2.png",
        "drill_images_v1/TE_184/184-5_p04_img3.jpeg",
        "drill_images_v1/TE_184/184-5_p04_img4.jpeg",
        "drill_images_v1/TE_184/184-5_p04_img5.jpeg",
        "drill_images_v1/TE_184/184-5_p04_img6.jpeg",
        "drill_images_v1/TE_184/184-5_p04_img7.jpeg",
        "drill_images_v1/TE_184/184-5_p04_img8.jpeg",
        "drill_images_v1/TE_184/184-5_p04_img9.jpeg",
        "drill_images_v1/TE_184/184-5_p04_img10.jpeg",
        "drill_images_v1/TE_184/184-5_p04_img11.jpeg",
        "drill_images_v1/TE_184/184-5_p04_img12.jpeg",
        "drill_images_v1/TE_184/184-5_p04_img13.jpeg",
        "drill_images_v1/TE_184/184-5_p04_img14.jpeg",
        "drill_images_v1/TE_184/184-5_p04_img15.jpeg",
        "drill_images_v1/TE_184/184-5_p04_img16.jpeg",
        "drill_images_v1/TE_184/184-5_p04_img17.jpeg",
        "drill_images_v1/TE_184/184-5_p04_img18.jpeg",
        "drill_images_v1/TE_184/184-5_p04_img19.jpeg",
        "drill_images_v1/TE_184/184-5_p04_img20.jpeg",
        "drill_images_v1/TE_184/184-5_p04_img21.jpeg",
        "drill_images_v1/TE_184/184-5_p04_img22.jpeg",
        "drill_images_v1/TE_184/184-5_p04_img23.png",
        "drill_images_v1/TE_184/184-5_p04_img24.jpeg",
        "drill_images_v1/TE_184/184-5_p04_img25.jpeg"
      ]
    },
    "184-6": {
      "session_id": 184,
      "images": [
        "drill_images_v1/TE_184/184-6_p05_img1.png"
      ]
    },
    "184-7": {
      "session_id": 184,
      "images": [
        "drill_images_v1/TE_184/184-7_p05_img2.jpeg",
        "drill_images_v1/TE_184/184-7_p05_img3.jpeg",
        "drill_images_v1/TE_184/184-7_p05_img4.jpeg",
        "drill_images_v1/TE_184/184-7_p05_img5.jpeg",
        "drill_images_v1/TE_184/184-7_p05_img6.jpeg",
        "drill_images_v1/TE_184/184-7_p05_img7.jpeg",
        "drill_images_v1/TE_184/184-7_p05_img8.jpeg",
        "drill_images_v1/TE_184/184-7_p05_img9.png",
        "drill_images_v1/TE_184/184-7_p05_img10.png",
        "drill_images_v1/TE_184/184-7_p05_img11.jpeg",
        "drill_images_v1/TE_184/184-7_p05_img12.png",
        "drill_images_v1/TE_184/184-7_p05_img13.png",
        "drill_images_v1/TE_184/184-7_p05_img14.png",
        "drill_images_v1/TE_184/184-7_p05_img15.jpeg",
        "drill_images_v1/TE_184/184-7_p05_img16.jpeg"
      ]
    },
    "192-1": {
      "session_id": 192,
      "images": [
        "drill_images_v1/TE_192/192-1_p02_img1.jpeg",
        "drill_images_v1/TE_192/192-1_p02_img2.jpeg",
        "drill_images_v1/TE_192/192-1_p02_img3.jpeg"
      ]
    },
    "192-3": {
      "session_id": 192,
      "images": [
        "drill_images_v1/TE_192/192-3_p03_img1.jpeg"
      ]
    },
    "192-4": {
      "session_id": 192,
      "images": [
        "drill_images_v1/TE_192/192-4_p03_img2.jpeg",
        "drill_images_v1/TE_192/192-4_p03_img3.jpeg"
      ]
    },
    "192-5": {
      "session_id": 192,
      "images": [
        "drill_images_v1/TE_192/192-5_p04_img1.jpeg"
      ]
    },
    "192-6": {
      "session_id": 192,
      "images": [
        "drill_images_v1/TE_192/192-6_p04_img2.jpeg",
        "drill_images_v1/TE_192/192-6_p04_img3.png",
        "drill_images_v1/TE_192/192-6_p04_img4.png",
        "drill_images_v1/TE_192/192-6_p04_img5.jpeg"
      ]
    },
    "192-7": {
      "session_id": 192,
      "images": [
        "drill_images_v1/TE_192/192-7_p05_img1.jpeg",
        "drill_images_v1/TE_192/192-7_p05_img2.png",
        "drill_images_v1/TE_192/192-7_p05_img3.png",
        "drill_images_v1/TE_192/192-7_p05_img4.jpeg"
      ]
    },
    "196-1": {
      "session_id": 196,
      "images": [
        "drill_images_v1/TE_196/196-1_p02_img1.jpeg"
      ]
    },
    "196-2": {
      "session_id": 196,
      "images": [
        "drill_images_v1/TE_196/196-2_p02_img2.jpeg",
        "drill_images_v1/TE_196/196-2_p02_img3.png",
        "drill_images_v1/TE_196/196-2_p02_img4.png",
        "drill_images_v1/TE_196/196-2_p02_img5.png",
        "drill_images_v1/TE_196/196-2_p02_img6.jpeg",
        "drill_images_v1/TE_196/196-2_p02_img7.jpeg",
        "drill_images_v1/TE_196/196-2_p02_img8.jpeg",
        "drill_images_v1/TE_196/196-2_p02_img9.jpeg"
      ]
    },
    "196-3": {
      "session_id": 196,
      "images": [
        "drill_images_v1/TE_196/196-3_p03_img1.jpeg",
        "drill_images_v1/TE_196/196-3_p03_img2.png",
        "drill_images_v1/TE_196/196-3_p03_img3.png",
        "drill_images_v1/TE_196/196-3_p03_img4.png",
        "drill_images_v1/TE_196/196-3_p03_img5.jpeg",
        "drill_images_v1/TE_196/196-3_p03_img6.jpeg"
      ]
    },
    "196-4": {
      "session_id": 196,
      "images": [
        "drill_images_v1/TE_196/196-4_p04_img1.jpeg"
      ]
    },
    "196-5": {
      "session_id": 196,
      "images": [
        "drill_images_v1/TE_196/196-5_p04_img2.jpeg",
        "drill_images_v1/TE_196/196-5_p04_img3.jpeg",
        "drill_images_v1/TE_196/196-5_p04_img4.png",
        "drill_images_v1/TE_196/196-5_p04_img5.png",
        "drill_images_v1/TE_196/196-5_p04_img6.png",
        "drill_images_v1/TE_196/196-5_p04_img7.jpeg",
        "drill_images_v1/TE_196/196-5_p04_img8.jpeg"
      ]
    },
    "196-6": {
      "session_id": 196,
      "images": [
        "drill_images_v1/TE_196/196-6_p05_img1.jpeg",
        "drill_images_v1/TE_196/196-6_p05_img2.jpeg",
        "drill_images_v1/TE_196/196-6_p05_img3.png",
        "drill_images_v1/TE_196/196-6_p05_img4.jpeg",
        "drill_images_v1/TE_196/196-6_p05_img5.png",
        "drill_images_v1/TE_196/196-6_p05_img6.jpeg",
        "drill_images_v1/TE_196/196-6_p05_img7.png",
        "drill_images_v1/TE_196/196-6_p05_img8.png",
        "drill_images_v1/TE_196/196-6_p05_img9.png",
        "drill_images_v1/TE_196/196-6_p05_img10.jpeg",
        "drill_images_v1/TE_196/196-6_p05_img11.jpeg",
        "drill_images_v1/TE_196/196-6_p05_img12.jpeg"
      ]
    },
    "196-7": {
      "session_id": 196,
      "images": [
        "drill_images_v1/TE_196/196-7_p06_img1.jpeg",
        "drill_images_v1/TE_196/196-7_p06_img2.png",
        "drill_images_v1/TE_196/196-7_p06_img3.png",
        "drill_images_v1/TE_196/196-7_p06_img4.png",
        "drill_images_v1/TE_196/196-7_p06_img5.png",
        "drill_images_v1/TE_196/196-7_p06_img6.jpeg",
        "drill_images_v1/TE_196/196-7_p06_img7.jpeg",
        "drill_images_v1/TE_196/196-7_p06_img8.jpeg"
      ]
    },
    "196-8": {
      "session_id": 196,
      "images": [
        "drill_images_v1/TE_196/196-8_p07_img1.jpeg",
        "drill_images_v1/TE_196/196-8_p07_img2.jpeg",
        "drill_images_v1/TE_196/196-8_p07_img3.png",
        "drill_images_v1/TE_196/196-8_p07_img4.png",
        "drill_images_v1/TE_196/196-8_p07_img5.png",
        "drill_images_v1/TE_196/196-8_p07_img6.png",
        "drill_images_v1/TE_196/196-8_p07_img7.jpeg",
        "drill_images_v1/TE_196/196-8_p07_img8.jpeg",
        "drill_images_v1/TE_196/196-8_p07_img9.jpeg"
      ]
    },
    "196-9": {
      "session_id": 196,
      "images": [
        "drill_images_v1/TE_196/196-9_p08_img1.jpeg",
        "drill_images_v1/TE_196/196-9_p08_img2.jpeg",
        "drill_images_v1/TE_196/196-9_p08_img3.jpeg"
      ]
    },
    "215-1": {
      "session_id": 215,
      "images": [
        "drill_images_v1/TE_215/215-1_p02_img1.jpeg"
      ]
    },
    "215-2": {
      "session_id": 215,
      "images": [
        "drill_images_v1/TE_215/215-2_p02_img2.png"
      ]
    },
    "215-3": {
      "session_id": 215,
      "images": [
        "drill_images_v1/TE_215/215-3_p03_img1.jpeg",
        "drill_images_v1/TE_215/215-3_p03_img2.jpeg",
        "drill_images_v1/TE_215/215-3_p03_img3.jpeg",
        "drill_images_v1/TE_215/215-3_p03_img4.png",
        "drill_images_v1/TE_215/215-3_p03_img5.png",
        "drill_images_v1/TE_215/215-3_p03_img6.png",
        "drill_images_v1/TE_215/215-3_p03_img7.png",
        "drill_images_v1/TE_215/215-3_p03_img8.png",
        "drill_images_v1/TE_215/215-3_p03_img9.png",
        "drill_images_v1/TE_215/215-3_p03_img10.png"
      ]
    },
    "215-4": {
      "session_id": 215,
      "images": [
        "drill_images_v1/TE_215/215-4_p04_img1.jpeg",
        "drill_images_v1/TE_215/215-4_p04_img2.png",
        "drill_images_v1/TE_215/215-4_p04_img3.png",
        "drill_images_v1/TE_215/215-4_p04_img4.png",
        "drill_images_v1/TE_215/215-4_p04_img5.jpeg",
        "drill_images_v1/TE_215/215-4_p04_img6.png",
        "drill_images_v1/TE_215/215-4_p04_img7.png",
        "drill_images_v1/TE_215/215-4_p04_img8.png",
        "drill_images_v1/TE_215/215-4_p04_img9.png",
        "drill_images_v1/TE_215/215-4_p04_img10.png"
      ]
    },
    "215-5": {
      "session_id": 215,
      "images": [
        "drill_images_v1/TE_215/215-5_p05_img1.jpeg",
        "drill_images_v1/TE_215/215-5_p05_img2.jpeg",
        "drill_images_v1/TE_215/215-5_p05_img3.png",
        "drill_images_v1/TE_215/215-5_p05_img4.png",
        "drill_images_v1/TE_215/215-5_p05_img5.jpeg",
        "drill_images_v1/TE_215/215-5_p05_img6.png",
        "drill_images_v1/TE_215/215-5_p05_img7.png",
        "drill_images_v1/TE_215/215-5_p05_img8.png",
        "drill_images_v1/TE_215/215-5_p05_img9.png"
      ]
    },
    "215-6": {
      "session_id": 215,
      "images": [
        "drill_images_v1/TE_215/215-6_p06_img1.jpeg",
        "drill_images_v1/TE_215/215-6_p06_img2.jpeg",
        "drill_images_v1/TE_215/215-6_p06_img3.png",
        "drill_images_v1/TE_215/215-6_p06_img4.png",
        "drill_images_v1/TE_215/215-6_p06_img5.png",
        "drill_images_v1/TE_215/215-6_p06_img6.png",
        "drill_images_v1/TE_215/215-6_p06_img7.png",
        "drill_images_v1/TE_215/215-6_p06_img8.png",
        "drill_images_v1/TE_215/215-6_p06_img9.png",
        "drill_images_v1/TE_215/215-6_p06_img10.png",
        "drill_images_v1/TE_215/215-6_p06_img11.png"
      ]
    },
    "215-7": {
      "session_id": 215,
      "images": [
        "drill_images_v1/TE_215/215-7_p07_img1.jpeg",
        "drill_images_v1/TE_215/215-7_p07_img2.jpeg",
        "drill_images_v1/TE_215/215-7_p07_img3.png",
        "drill_images_v1/TE_215/215-7_p07_img4.png",
        "drill_images_v1/TE_215/215-7_p07_img5.jpeg",
        "drill_images_v1/TE_215/215-7_p07_img6.png",
        "drill_images_v1/TE_215/215-7_p07_img7.png",
        "drill_images_v1/TE_215/215-7_p07_img8.png",
        "drill_images_v1/TE_215/215-7_p07_img9.png"
      ]
    },
    "267-1": {
      "session_id": 267,
      "images": [
        "drill_images_v1/TE_267/267-1_p02_img1.jpeg"
      ]
    },
    "267-2": {
      "session_id": 267,
      "images": [
        "drill_images_v1/TE_267/267-2_p03_img1.jpeg",
        "drill_images_v1/TE_267/267-2_p03_img2.jpeg",
        "drill_images_v1/TE_267/267-2_p03_img3.jpeg",
        "drill_images_v1/TE_267/267-2_p03_img4.jpeg",
        "drill_images_v1/TE_267/267-2_p03_img5.jpeg"
      ]
    },
    "267-3": {
      "session_id": 267,
      "images": [
        "drill_images_v1/TE_267/267-3_p04_img1.jpeg"
      ]
    },
    "267-4": {
      "session_id": 267,
      "images": [
        "drill_images_v1/TE_267/267-4_p04_img2.jpeg",
        "drill_images_v1/TE_267/267-4_p04_img3.jpeg",
        "drill_images_v1/TE_267/267-4_p04_img4.jpeg",
        "drill_images_v1/TE_267/267-4_p04_img5.jpeg",
        "drill_images_v1/TE_267/267-4_p04_img6.jpeg",
        "drill_images_v1/TE_267/267-4_p04_img7.jpeg",
        "drill_images_v1/TE_267/267-4_p04_img8.jpeg",
        "drill_images_v1/TE_267/267-4_p04_img9.jpeg",
        "drill_images_v1/TE_267/267-4_p04_img10.jpeg",
        "drill_images_v1/TE_267/267-4_p04_img11.jpeg",
        "drill_images_v1/TE_267/267-4_p04_img12.jpeg",
        "drill_images_v1/TE_267/267-4_p04_img13.jpeg",
        "drill_images_v1/TE_267/267-4_p04_img14.jpeg",
        "drill_images_v1/TE_267/267-4_p04_img15.jpeg"
      ]
    },
    "267-5": {
      "session_id": 267,
      "images": [
        "drill_images_v1/TE_267/267-5_p05_img1.jpeg",
        "drill_images_v1/TE_267/267-5_p05_img2.jpeg",
        "drill_images_v1/TE_267/267-5_p05_img3.jpeg",
        "drill_images_v1/TE_267/267-5_p05_img4.jpeg",
        "drill_images_v1/TE_267/267-5_p05_img5.jpeg",
        "drill_images_v1/TE_267/267-5_p05_img6.jpeg",
        "drill_images_v1/TE_267/267-5_p05_img7.jpeg",
        "drill_images_v1/TE_267/267-5_p05_img8.jpeg",
        "drill_images_v1/TE_267/267-5_p05_img9.jpeg",
        "drill_images_v1/TE_267/267-5_p06_img1.jpeg",
        "drill_images_v1/TE_267/267-5_p06_img2.jpeg",
        "drill_images_v1/TE_267/267-5_p06_img3.jpeg",
        "drill_images_v1/TE_267/267-5_p06_img4.jpeg",
        "drill_images_v1/TE_267/267-5_p06_img5.jpeg",
        "drill_images_v1/TE_267/267-5_p06_img6.jpeg",
        "drill_images_v1/TE_267/267-5_p06_img7.jpeg",
        "drill_images_v1/TE_267/267-5_p06_img8.jpeg",
        "drill_images_v1/TE_267/267-5_p06_img9.jpeg"
      ]
    },
    "267-7": {
      "session_id": 267,
      "images": [
        "drill_images_v1/TE_267/267-7_p07_img1.jpeg"
      ]
    },
    "267-8": {
      "session_id": 267,
      "images": [
        "drill_images_v1/TE_267/267-8_p07_img2.jpeg",
        "drill_images_v1/TE_267/267-8_p07_img3.jpeg",
        "drill_images_v1/TE_267/267-8_p07_img4.jpeg",
        "drill_images_v1/TE_267/267-8_p07_img5.jpeg",
        "drill_images_v1/TE_267/267-8_p07_img6.jpeg",
        "drill_images_v1/TE_267/267-8_p07_img7.jpeg",
        "drill_images_v1/TE_267/267-8_p07_img8.jpeg",
        "drill_images_v1/TE_267/267-8_p07_img9.jpeg",
        "drill_images_v1/TE_267/267-8_p07_img10.jpeg",
        "drill_images_v1/TE_267/267-8_p07_img11.jpeg",
        "drill_images_v1/TE_267/267-8_p07_img12.jpeg"
      ]
    },
    "318-1": {
      "session_id": 318,
      "images": [
        "drill_images_v1/TE_318/318-1_p02_img1.jpeg",
        "drill_images_v1/TE_318/318-1_p02_img2.jpeg",
        "drill_images_v1/TE_318/318-1_p02_img3.jpeg",
        "drill_images_v1/TE_318/318-1_p02_img4.jpeg",
        "drill_images_v1/TE_318/318-1_p02_img5.jpeg",
        "drill_images_v1/TE_318/318-1_p02_img6.jpeg",
        "drill_images_v1/TE_318/318-1_p02_img7.jpeg",
        "drill_images_v1/TE_318/318-1_p02_img8.jpeg",
        "drill_images_v1/TE_318/318-1_p02_img9.jpeg",
        "drill_images_v1/TE_318/318-1_p02_img10.jpeg",
        "drill_images_v1/TE_318/318-1_p02_img11.jpeg",
        "drill_images_v1/TE_318/318-1_p02_img12.jpeg"
      ]
    },
    "318-2": {
      "session_id": 318,
      "images": [
        "drill_images_v1/TE_318/318-2_p03_img1.jpeg",
        "drill_images_v1/TE_318/318-2_p03_img2.jpeg",
        "drill_images_v1/TE_318/318-2_p03_img3.jpeg",
        "drill_images_v1/TE_318/318-2_p03_img4.jpeg",
        "drill_images_v1/TE_318/318-2_p03_img5.jpeg"
      ]
    },
    "318-3": {
      "session_id": 318,
      "images": [
        "drill_images_v1/TE_318/318-3_p04_img1.jpeg",
        "drill_images_v1/TE_318/318-3_p04_img2.jpeg",
        "drill_images_v1/TE_318/318-3_p04_img3.jpeg",
        "drill_images_v1/TE_318/318-3_p04_img4.jpeg"
      ]
    },
    "318-5": {
      "session_id": 318,
      "images": [
        "drill_images_v1/TE_318/318-5_p05_img1.jpeg",
        "drill_images_v1/TE_318/318-5_p05_img2.jpeg",
        "drill_images_v1/TE_318/318-5_p05_img3.jpeg",
        "drill_images_v1/TE_318/318-5_p05_img4.jpeg",
        "drill_images_v1/TE_318/318-5_p05_img5.jpeg",
        "drill_images_v1/TE_318/318-5_p05_img6.jpeg",
        "drill_images_v1/TE_318/318-5_p05_img7.jpeg",
        "drill_images_v1/TE_318/318-5_p05_img8.jpeg",
        "drill_images_v1/TE_318/318-5_p05_img9.jpeg",
        "drill_images_v1/TE_318/318-5_p05_img10.jpeg",
        "drill_images_v1/TE_318/318-5_p05_img11.jpeg",
        "drill_images_v1/TE_318/318-5_p05_img12.jpeg",
        "drill_images_v1/TE_318/318-5_p05_img13.jpeg"
      ]
    },
    "318-6": {
      "session_id": 318,
      "images": [
        "drill_images_v1/TE_318/318-6_p06_img1.jpeg",
        "drill_images_v1/TE_318/318-6_p06_img2.jpeg",
        "drill_images_v1/TE_318/318-6_p06_img3.jpeg",
        "drill_images_v1/TE_318/318-6_p06_img4.jpeg",
        "drill_images_v1/TE_318/318-6_p06_img5.jpeg",
        "drill_images_v1/TE_318/318-6_p06_img6.jpeg",
        "drill_images_v1/TE_318/318-6_p06_img7.jpeg",
        "drill_images_v1/TE_318/318-6_p06_img8.jpeg",
        "drill_images_v1/TE_318/318-6_p06_img9.jpeg",
        "drill_images_v1/TE_318/318-6_p06_img10.jpeg"
      ]
    },
    "318-7": {
      "session_id": 318,
      "images": [
        "drill_images_v1/TE_318/318-7_p07_img1.jpeg",
        "drill_images_v1/TE_318/318-7_p07_img2.jpeg",
        "drill_images_v1/TE_318/318-7_p07_img3.jpeg",
        "drill_images_v1/TE_318/318-7_p07_img4.jpeg",
        "drill_images_v1/TE_318/318-7_p07_img5.jpeg",
        "drill_images_v1/TE_318/318-7_p07_img6.jpeg",
        "drill_images_v1/TE_318/318-7_p07_img7.jpeg",
        "drill_images_v1/TE_318/318-7_p07_img8.jpeg",
        "drill_images_v1/TE_318/318-7_p07_img9.jpeg",
        "drill_images_v1/TE_318/318-7_p07_img10.jpeg",
        "drill_images_v1/TE_318/318-7_p07_img11.jpeg",
        "drill_images_v1/TE_318/318-7_p07_img12.jpeg",
        "drill_images_v1/TE_318/318-7_p08_img1.jpeg"
      ]
    },
    "330-1": {
      "session_id": 330,
      "images": [
        "drill_images_v1/TE_330/330-1_p02_img1.jpeg",
        "drill_images_v1/TE_330/330-1_p02_img2.jpeg",
        "drill_images_v1/TE_330/330-1_p02_img3.jpeg",
        "drill_images_v1/TE_330/330-1_p02_img4.jpeg"
      ]
    },
    "330-2": {
      "session_id": 330,
      "images": [
        "drill_images_v1/TE_330/330-2_p03_img1.jpeg",
        "drill_images_v1/TE_330/330-2_p03_img2.jpeg",
        "drill_images_v1/TE_330/330-2_p03_img3.jpeg"
      ]
    },
    "330-3": {
      "session_id": 330,
      "images": [
        "drill_images_v1/TE_330/330-3_p04_img1.jpeg",
        "drill_images_v1/TE_330/330-3_p04_img2.jpeg",
        "drill_images_v1/TE_330/330-3_p04_img3.jpeg",
        "drill_images_v1/TE_330/330-3_p04_img4.jpeg",
        "drill_images_v1/TE_330/330-3_p04_img5.jpeg",
        "drill_images_v1/TE_330/330-3_p04_img6.jpeg",
        "drill_images_v1/TE_330/330-3_p04_img7.jpeg"
      ]
    },
    "330-4": {
      "session_id": 330,
      "images": [
        "drill_images_v1/TE_330/330-4_p05_img1.jpeg",
        "drill_images_v1/TE_330/330-4_p05_img2.jpeg",
        "drill_images_v1/TE_330/330-4_p05_img3.jpeg",
        "drill_images_v1/TE_330/330-4_p05_img4.jpeg",
        "drill_images_v1/TE_330/330-4_p05_img5.jpeg"
      ]
    },
    "330-5": {
      "session_id": 330,
      "images": [
        "drill_images_v1/TE_330/330-5_p06_img1.jpeg"
      ]
    },
    "330-6": {
      "session_id": 330,
      "images": [
        "drill_images_v1/TE_330/330-6_p06_img2.jpeg",
        "drill_images_v1/TE_330/330-6_p06_img3.jpeg",
        "drill_images_v1/TE_330/330-6_p06_img4.jpeg",
        "drill_images_v1/TE_330/330-6_p06_img5.jpeg",
        "drill_images_v1/TE_330/330-6_p06_img6.jpeg",
        "drill_images_v1/TE_330/330-6_p06_img7.jpeg"
      ]
    },
    "330-7": {
      "session_id": 330,
      "images": [
        "drill_images_v1/TE_330/330-7_p07_img1.jpeg",
        "drill_images_v1/TE_330/330-7_p07_img2.jpeg",
        "drill_images_v1/TE_330/330-7_p07_img3.jpeg",
        "drill_images_v1/TE_330/330-7_p07_img4.jpeg",
        "drill_images_v1/TE_330/330-7_p07_img5.jpeg",
        "drill_images_v1/TE_330/330-7_p07_img6.jpeg",
        "drill_images_v1/TE_330/330-7_p07_img7.jpeg",
        "drill_images_v1/TE_330/330-7_p07_img8.jpeg",
        "drill_images_v1/TE_330/330-7_p07_img9.jpeg",
        "drill_images_v1/TE_330/330-7_p08_img1.jpeg",
        "drill_images_v1/TE_330/330-7_p08_img2.jpeg",
        "drill_images_v1/TE_330/330-7_p08_img3.jpeg"
      ]
    },
    "336-1": {
      "session_id": 336,
      "images": [
        "drill_images_v1/TE_336/336-1_p02_img1.jpeg"
      ]
    },
    "336-2": {
      "session_id": 336,
      "images": [
        "drill_images_v1/TE_336/336-2_p02_img2.jpeg",
        "drill_images_v1/TE_336/336-2_p02_img3.jpeg",
        "drill_images_v1/TE_336/336-2_p02_img4.jpeg"
      ]
    },
    "336-3": {
      "session_id": 336,
      "images": [
        "drill_images_v1/TE_336/336-3_p03_img1.jpeg",
        "drill_images_v1/TE_336/336-3_p03_img2.jpeg",
        "drill_images_v1/TE_336/336-3_p03_img3.jpeg",
        "drill_images_v1/TE_336/336-3_p03_img4.jpeg",
        "drill_images_v1/TE_336/336-3_p03_img5.jpeg",
        "drill_images_v1/TE_336/336-3_p03_img6.jpeg",
        "drill_images_v1/TE_336/336-3_p03_img7.jpeg"
      ]
    },
    "336-4": {
      "session_id": 336,
      "images": [
        "drill_images_v1/TE_336/336-4_p04_img1.jpeg",
        "drill_images_v1/TE_336/336-4_p04_img2.jpeg",
        "drill_images_v1/TE_336/336-4_p04_img3.jpeg",
        "drill_images_v1/TE_336/336-4_p04_img4.jpeg",
        "drill_images_v1/TE_336/336-4_p04_img5.jpeg",
        "drill_images_v1/TE_336/336-4_p05_img1.jpeg",
        "drill_images_v1/TE_336/336-4_p05_img2.jpeg",
        "drill_images_v1/TE_336/336-4_p05_img3.jpeg",
        "drill_images_v1/TE_336/336-4_p05_img4.jpeg",
        "drill_images_v1/TE_336/336-4_p05_img5.jpeg",
        "drill_images_v1/TE_336/336-4_p05_img6.jpeg",
        "drill_images_v1/TE_336/336-4_p05_img7.jpeg",
        "drill_images_v1/TE_336/336-4_p05_img8.jpeg",
        "drill_images_v1/TE_336/336-4_p05_img9.jpeg",
        "drill_images_v1/TE_336/336-4_p05_img10.jpeg"
      ]
    },
    "336-6": {
      "session_id": 336,
      "images": [
        "drill_images_v1/TE_336/336-6_p06_img1.jpeg",
        "drill_images_v1/TE_336/336-6_p06_img2.jpeg",
        "drill_images_v1/TE_336/336-6_p06_img3.jpeg",
        "drill_images_v1/TE_336/336-6_p06_img4.jpeg",
        "drill_images_v1/TE_336/336-6_p06_img5.jpeg",
        "drill_images_v1/TE_336/336-6_p06_img6.jpeg",
        "drill_images_v1/TE_336/336-6_p06_img7.jpeg",
        "drill_images_v1/TE_336/336-6_p06_img8.jpeg",
        "drill_images_v1/TE_336/336-6_p06_img9.jpeg",
        "drill_images_v1/TE_336/336-6_p06_img10.jpeg",
        "drill_images_v1/TE_336/336-6_p06_img11.jpeg"
      ]
    },
    "336-7": {
      "session_id": 336,
      "images": [
        "drill_images_v1/TE_336/336-7_p07_img1.jpeg",
        "drill_images_v1/TE_336/336-7_p07_img2.jpeg",
        "drill_images_v1/TE_336/336-7_p07_img3.jpeg",
        "drill_images_v1/TE_336/336-7_p07_img4.jpeg",
        "drill_images_v1/TE_336/336-7_p07_img5.jpeg",
        "drill_images_v1/TE_336/336-7_p07_img6.jpeg",
        "drill_images_v1/TE_336/336-7_p07_img7.jpeg",
        "drill_images_v1/TE_336/336-7_p07_img8.jpeg",
        "drill_images_v1/TE_336/336-7_p07_img9.jpeg",
        "drill_images_v1/TE_336/336-7_p07_img10.jpeg",
        "drill_images_v1/TE_336/336-7_p07_img11.jpeg",
        "drill_images_v1/TE_336/336-7_p07_img12.jpeg",
        "drill_images_v1/TE_336/336-7_p07_img13.jpeg",
        "drill_images_v1/TE_336/336-7_p07_img14.jpeg"
      ]
    },
    "346-1": {
      "session_id": 346,
      "images": [
        "drill_images_v1/TE_346/346-1_p02_img1.jpeg",
        "drill_images_v1/TE_346/346-1_p02_img2.jpeg",
        "drill_images_v1/TE_346/346-1_p02_img3.jpeg",
        "drill_images_v1/TE_346/346-1_p02_img4.jpeg",
        "drill_images_v1/TE_346/346-1_p02_img5.jpeg",
        "drill_images_v1/TE_346/346-1_p02_img6.jpeg"
      ]
    },
    "346-2": {
      "session_id": 346,
      "images": [
        "drill_images_v1/TE_346/346-2_p03_img1.jpeg",
        "drill_images_v1/TE_346/346-2_p03_img2.jpeg",
        "drill_images_v1/TE_346/346-2_p03_img3.jpeg",
        "drill_images_v1/TE_346/346-2_p03_img4.jpeg",
        "drill_images_v1/TE_346/346-2_p03_img5.jpeg",
        "drill_images_v1/TE_346/346-2_p03_img6.jpeg"
      ]
    },
    "346-3": {
      "session_id": 346,
      "images": [
        "drill_images_v1/TE_346/346-3_p04_img1.jpeg",
        "drill_images_v1/TE_346/346-3_p04_img2.jpeg",
        "drill_images_v1/TE_346/346-3_p04_img3.jpeg",
        "drill_images_v1/TE_346/346-3_p04_img4.jpeg",
        "drill_images_v1/TE_346/346-3_p04_img5.jpeg",
        "drill_images_v1/TE_346/346-3_p04_img6.jpeg",
        "drill_images_v1/TE_346/346-3_p04_img7.jpeg",
        "drill_images_v1/TE_346/346-3_p04_img8.jpeg"
      ]
    },
    "346-4": {
      "session_id": 346,
      "images": [
        "drill_images_v1/TE_346/346-4_p05_img1.jpeg"
      ]
    },
    "346-5": {
      "session_id": 346,
      "images": [
        "drill_images_v1/TE_346/346-5_p05_img2.jpeg",
        "drill_images_v1/TE_346/346-5_p05_img3.jpeg",
        "drill_images_v1/TE_346/346-5_p05_img4.jpeg",
        "drill_images_v1/TE_346/346-5_p05_img5.jpeg",
        "drill_images_v1/TE_346/346-5_p05_img6.jpeg",
        "drill_images_v1/TE_346/346-5_p05_img7.jpeg",
        "drill_images_v1/TE_346/346-5_p05_img8.jpeg",
        "drill_images_v1/TE_346/346-5_p05_img9.jpeg",
        "drill_images_v1/TE_346/346-5_p05_img10.jpeg",
        "drill_images_v1/TE_346/346-5_p05_img11.jpeg",
        "drill_images_v1/TE_346/346-5_p05_img12.jpeg"
      ]
    },
    "346-6": {
      "session_id": 346,
      "images": [
        "drill_images_v1/TE_346/346-6_p06_img1.jpeg",
        "drill_images_v1/TE_346/346-6_p06_img2.jpeg",
        "drill_images_v1/TE_346/346-6_p06_img3.jpeg",
        "drill_images_v1/TE_346/346-6_p06_img4.jpeg",
        "drill_images_v1/TE_346/346-6_p06_img5.jpeg",
        "drill_images_v1/TE_346/346-6_p06_img6.jpeg",
        "drill_images_v1/TE_346/346-6_p06_img7.jpeg",
        "drill_images_v1/TE_346/346-6_p06_img8.jpeg",
        "drill_images_v1/TE_346/346-6_p06_img9.jpeg"
      ]
    },
    "346-7": {
      "session_id": 346,
      "images": [
        "drill_images_v1/TE_346/346-7_p07_img1.jpeg"
      ]
    },
    "346-8": {
      "session_id": 346,
      "images": [
        "drill_images_v1/TE_346/346-8_p07_img2.jpeg",
        "drill_images_v1/TE_346/346-8_p07_img3.jpeg",
        "drill_images_v1/TE_346/346-8_p07_img4.jpeg",
        "drill_images_v1/TE_346/346-8_p07_img5.jpeg",
        "drill_images_v1/TE_346/346-8_p07_img6.jpeg",
        "drill_images_v1/TE_346/346-8_p07_img7.jpeg",
        "drill_images_v1/TE_346/346-8_p07_img8.jpeg",
        "drill_images_v1/TE_346/346-8_p07_img9.jpeg",
        "drill_images_v1/TE_346/346-8_p07_img10.jpeg",
        "drill_images_v1/TE_346/346-8_p07_img11.jpeg",
        "drill_images_v1/TE_346/346-8_p07_img12.jpeg"
      ]
    },
    "360-1": {
      "session_id": 360,
      "images": [
        "drill_images_v1/TE_360/360-1_p02_img1.jpeg",
        "drill_images_v1/TE_360/360-1_p02_img2.jpeg",
        "drill_images_v1/TE_360/360-1_p02_img3.jpeg",
        "drill_images_v1/TE_360/360-1_p02_img4.jpeg",
        "drill_images_v1/TE_360/360-1_p02_img5.jpeg",
        "drill_images_v1/TE_360/360-1_p02_img6.jpeg",
        "drill_images_v1/TE_360/360-1_p02_img7.jpeg",
        "drill_images_v1/TE_360/360-1_p02_img8.jpeg"
      ]
    },
    "360-2": {
      "session_id": 360,
      "images": [
        "drill_images_v1/TE_360/360-2_p03_img1.jpeg",
        "drill_images_v1/TE_360/360-2_p03_img2.jpeg",
        "drill_images_v1/TE_360/360-2_p03_img3.jpeg"
      ]
    },
    "360-3": {
      "session_id": 360,
      "images": [
        "drill_images_v1/TE_360/360-3_p04_img1.jpeg",
        "drill_images_v1/TE_360/360-3_p04_img2.jpeg",
        "drill_images_v1/TE_360/360-3_p04_img3.jpeg",
        "drill_images_v1/TE_360/360-3_p04_img4.jpeg",
        "drill_images_v1/TE_360/360-3_p04_img5.jpeg",
        "drill_images_v1/TE_360/360-3_p04_img6.jpeg",
        "drill_images_v1/TE_360/360-3_p04_img7.jpeg",
        "drill_images_v1/TE_360/360-3_p04_img8.jpeg",
        "drill_images_v1/TE_360/360-3_p04_img9.jpeg",
        "drill_images_v1/TE_360/360-3_p04_img10.jpeg"
      ]
    },
    "360-4": {
      "session_id": 360,
      "images": [
        "drill_images_v1/TE_360/360-4_p05_img1.jpeg"
      ]
    },
    "360-5": {
      "session_id": 360,
      "images": [
        "drill_images_v1/TE_360/360-5_p05_img2.jpeg",
        "drill_images_v1/TE_360/360-5_p05_img3.jpeg",
        "drill_images_v1/TE_360/360-5_p05_img4.jpeg",
        "drill_images_v1/TE_360/360-5_p05_img5.jpeg",
        "drill_images_v1/TE_360/360-5_p05_img6.jpeg",
        "drill_images_v1/TE_360/360-5_p05_img7.jpeg",
        "drill_images_v1/TE_360/360-5_p05_img8.jpeg",
        "drill_images_v1/TE_360/360-5_p05_img9.jpeg"
      ]
    },
    "360-6": {
      "session_id": 360,
      "images": [
        "drill_images_v1/TE_360/360-6_p06_img1.jpeg",
        "drill_images_v1/TE_360/360-6_p06_img2.jpeg",
        "drill_images_v1/TE_360/360-6_p06_img3.jpeg",
        "drill_images_v1/TE_360/360-6_p06_img4.jpeg",
        "drill_images_v1/TE_360/360-6_p06_img5.jpeg",
        "drill_images_v1/TE_360/360-6_p06_img6.jpeg",
        "drill_images_v1/TE_360/360-6_p06_img7.jpeg",
        "drill_images_v1/TE_360/360-6_p06_img8.jpeg",
        "drill_images_v1/TE_360/360-6_p06_img9.jpeg"
      ]
    },
    "360-7": {
      "session_id": 360,
      "images": [
        "drill_images_v1/TE_360/360-7_p07_img1.jpeg",
        "drill_images_v1/TE_360/360-7_p07_img2.jpeg",
        "drill_images_v1/TE_360/360-7_p07_img3.jpeg",
        "drill_images_v1/TE_360/360-7_p07_img4.jpeg",
        "drill_images_v1/TE_360/360-7_p07_img5.jpeg",
        "drill_images_v1/TE_360/360-7_p07_img6.jpeg",
        "drill_images_v1/TE_360/360-7_p07_img7.jpeg",
        "drill_images_v1/TE_360/360-7_p07_img8.jpeg",
        "drill_images_v1/TE_360/360-7_p07_img9.jpeg",
        "drill_images_v1/TE_360/360-7_p07_img10.jpeg",
        "drill_images_v1/TE_360/360-7_p07_img11.jpeg",
        "drill_images_v1/TE_360/360-7_p07_img12.jpeg"
      ]
    },
    "360-8": {
      "session_id": 360,
      "images": [
        "drill_images_v1/TE_360/360-8_p08_img1.jpeg",
        "drill_images_v1/TE_360/360-8_p08_img2.jpeg",
        "drill_images_v1/TE_360/360-8_p08_img3.jpeg",
        "drill_images_v1/TE_360/360-8_p08_img4.jpeg",
        "drill_images_v1/TE_360/360-8_p08_img5.jpeg",
        "drill_images_v1/TE_360/360-8_p08_img6.jpeg",
        "drill_images_v1/TE_360/360-8_p08_img7.jpeg",
        "drill_images_v1/TE_360/360-8_p08_img8.jpeg",
        "drill_images_v1/TE_360/360-8_p08_img9.jpeg"
      ]
    },
    "385-1": {
      "session_id": 385,
      "images": [
        "drill_images_v1/TE_385/385-1_p03_img1.jpeg",
        "drill_images_v1/TE_385/385-1_p03_img2.jpeg"
      ]
    },
    "385-2": {
      "session_id": 385,
      "images": [
        "drill_images_v1/TE_385/385-2_p04_img1.jpeg",
        "drill_images_v1/TE_385/385-2_p04_img2.jpeg",
        "drill_images_v1/TE_385/385-2_p04_img3.jpeg"
      ]
    },
    "385-3": {
      "session_id": 385,
      "images": [
        "drill_images_v1/TE_385/385-3_p05_img1.jpeg",
        "drill_images_v1/TE_385/385-3_p05_img2.jpeg",
        "drill_images_v1/TE_385/385-3_p05_img3.jpeg",
        "drill_images_v1/TE_385/385-3_p05_img4.jpeg",
        "drill_images_v1/TE_385/385-3_p05_img5.jpeg",
        "drill_images_v1/TE_385/385-3_p05_img6.jpeg",
        "drill_images_v1/TE_385/385-3_p05_img7.jpeg",
        "drill_images_v1/TE_385/385-3_p05_img8.jpeg"
      ]
    },
    "385-4": {
      "session_id": 385,
      "images": [
        "drill_images_v1/TE_385/385-4_p06_img1.jpeg",
        "drill_images_v1/TE_385/385-4_p06_img2.jpeg",
        "drill_images_v1/TE_385/385-4_p06_img3.jpeg",
        "drill_images_v1/TE_385/385-4_p06_img4.jpeg",
        "drill_images_v1/TE_385/385-4_p06_img5.jpeg",
        "drill_images_v1/TE_385/385-4_p06_img6.jpeg",
        "drill_images_v1/TE_385/385-4_p06_img7.jpeg"
      ]
    },
    "385-5": {
      "session_id": 385,
      "images": [
        "drill_images_v1/TE_385/385-5_p07_img1.jpeg",
        "drill_images_v1/TE_385/385-5_p07_img2.jpeg",
        "drill_images_v1/TE_385/385-5_p07_img3.jpeg",
        "drill_images_v1/TE_385/385-5_p07_img4.jpeg",
        "drill_images_v1/TE_385/385-5_p07_img5.jpeg",
        "drill_images_v1/TE_385/385-5_p07_img6.jpeg",
        "drill_images_v1/TE_385/385-5_p07_img7.jpeg",
        "drill_images_v1/TE_385/385-5_p07_img8.jpeg",
        "drill_images_v1/TE_385/385-5_p08_img1.jpeg",
        "drill_images_v1/TE_385/385-5_p08_img2.jpeg",
        "drill_images_v1/TE_385/385-5_p08_img3.jpeg",
        "drill_images_v1/TE_385/385-5_p08_img4.jpeg",
        "drill_images_v1/TE_385/385-5_p08_img5.jpeg",
        "drill_images_v1/TE_385/385-5_p08_img6.jpeg",
        "drill_images_v1/TE_385/385-5_p08_img7.jpeg",
        "drill_images_v1/TE_385/385-5_p08_img8.jpeg"
      ]
    },
    "385-6": {
      "session_id": 385,
      "images": [
        "drill_images_v1/TE_385/385-6_p09_img1.jpeg",
        "drill_images_v1/TE_385/385-6_p09_img2.jpeg",
        "drill_images_v1/TE_385/385-6_p09_img3.jpeg",
        "drill_images_v1/TE_385/385-6_p09_img4.jpeg",
        "drill_images_v1/TE_385/385-6_p09_img5.jpeg",
        "drill_images_v1/TE_385/385-6_p09_img6.jpeg"
      ]
    },
    "385-7": {
      "session_id": 385,
      "images": [
        "drill_images_v1/TE_385/385-7_p10_img1.jpeg",
        "drill_images_v1/TE_385/385-7_p10_img2.jpeg",
        "drill_images_v1/TE_385/385-7_p10_img3.jpeg",
        "drill_images_v1/TE_385/385-7_p10_img4.jpeg",
        "drill_images_v1/TE_385/385-7_p10_img5.jpeg",
        "drill_images_v1/TE_385/385-7_p10_img6.jpeg",
        "drill_images_v1/TE_385/385-7_p10_img7.jpeg",
        "drill_images_v1/TE_385/385-7_p10_img8.jpeg",
        "drill_images_v1/TE_385/385-7_p10_img9.jpeg",
        "drill_images_v1/TE_385/385-7_p10_img10.jpeg",
        "drill_images_v1/TE_385/385-7_p10_img11.jpeg",
        "drill_images_v1/TE_385/385-7_p10_img12.jpeg",
        "drill_images_v1/TE_385/385-7_p10_img13.jpeg"
      ]
    },
    "390-1": {
      "session_id": 390,
      "images": [
        "drill_images_v1/TE_390/390-1_p02_img1.jpeg",
        "drill_images_v1/TE_390/390-1_p02_img2.jpeg",
        "drill_images_v1/TE_390/390-1_p02_img3.jpeg",
        "drill_images_v1/TE_390/390-1_p02_img4.jpeg",
        "drill_images_v1/TE_390/390-1_p02_img5.jpeg"
      ]
    },
    "390-2": {
      "session_id": 390,
      "images": [
        "drill_images_v1/TE_390/390-2_p03_img1.jpeg",
        "drill_images_v1/TE_390/390-2_p03_img2.jpeg"
      ]
    },
    "390-3": {
      "session_id": 390,
      "images": [
        "drill_images_v1/TE_390/390-3_p04_img1.jpeg",
        "drill_images_v1/TE_390/390-3_p04_img2.jpeg",
        "drill_images_v1/TE_390/390-3_p04_img3.jpeg",
        "drill_images_v1/TE_390/390-3_p04_img4.jpeg",
        "drill_images_v1/TE_390/390-3_p04_img5.jpeg",
        "drill_images_v1/TE_390/390-3_p04_img6.jpeg",
        "drill_images_v1/TE_390/390-3_p04_img7.jpeg",
        "drill_images_v1/TE_390/390-3_p04_img8.jpeg",
        "drill_images_v1/TE_390/390-3_p04_img9.jpeg",
        "drill_images_v1/TE_390/390-3_p04_img10.jpeg"
      ]
    },
    "390-4": {
      "session_id": 390,
      "images": [
        "drill_images_v1/TE_390/390-4_p05_img1.jpeg",
        "drill_images_v1/TE_390/390-4_p05_img2.jpeg",
        "drill_images_v1/TE_390/390-4_p05_img3.jpeg",
        "drill_images_v1/TE_390/390-4_p05_img4.jpeg",
        "drill_images_v1/TE_390/390-4_p05_img5.jpeg",
        "drill_images_v1/TE_390/390-4_p05_img6.jpeg",
        "drill_images_v1/TE_390/390-4_p05_img7.jpeg",
        "drill_images_v1/TE_390/390-4_p05_img8.jpeg",
        "drill_images_v1/TE_390/390-4_p05_img9.jpeg",
        "drill_images_v1/TE_390/390-4_p05_img10.jpeg"
      ]
    },
    "390-5": {
      "session_id": 390,
      "images": [
        "drill_images_v1/TE_390/390-5_p06_img1.jpeg",
        "drill_images_v1/TE_390/390-5_p06_img2.jpeg",
        "drill_images_v1/TE_390/390-5_p06_img3.jpeg",
        "drill_images_v1/TE_390/390-5_p06_img4.jpeg",
        "drill_images_v1/TE_390/390-5_p06_img5.jpeg",
        "drill_images_v1/TE_390/390-5_p06_img6.jpeg",
        "drill_images_v1/TE_390/390-5_p06_img7.jpeg",
        "drill_images_v1/TE_390/390-5_p06_img8.jpeg",
        "drill_images_v1/TE_390/390-5_p06_img9.jpeg"
      ]
    },
    "390-6": {
      "session_id": 390,
      "images": [
        "drill_images_v1/TE_390/390-6_p07_img1.jpeg",
        "drill_images_v1/TE_390/390-6_p07_img2.jpeg",
        "drill_images_v1/TE_390/390-6_p07_img3.jpeg",
        "drill_images_v1/TE_390/390-6_p07_img4.jpeg",
        "drill_images_v1/TE_390/390-6_p07_img5.jpeg",
        "drill_images_v1/TE_390/390-6_p07_img6.jpeg",
        "drill_images_v1/TE_390/390-6_p07_img7.jpeg",
        "drill_images_v1/TE_390/390-6_p07_img8.jpeg",
        "drill_images_v1/TE_390/390-6_p07_img9.jpeg",
        "drill_images_v1/TE_390/390-6_p07_img10.jpeg",
        "drill_images_v1/TE_390/390-6_p07_img11.jpeg"
      ]
    },
    "390-7": {
      "session_id": 390,
      "images": [
        "drill_images_v1/TE_390/390-7_p08_img1.jpeg",
        "drill_images_v1/TE_390/390-7_p08_img2.jpeg",
        "drill_images_v1/TE_390/390-7_p08_img3.jpeg",
        "drill_images_v1/TE_390/390-7_p08_img4.jpeg"
      ]
    },
    "391-1": {
      "session_id": 391,
      "images": [
        "drill_images_v1/TE_391/391-1_p02_img1.jpeg"
      ]
    },
    "391-2": {
      "session_id": 391,
      "images": [
        "drill_images_v1/TE_391/391-2_p03_img1.jpeg",
        "drill_images_v1/TE_391/391-2_p03_img2.jpeg",
        "drill_images_v1/TE_391/391-2_p03_img3.jpeg",
        "drill_images_v1/TE_391/391-2_p03_img4.jpeg",
        "drill_images_v1/TE_391/391-2_p03_img5.jpeg",
        "drill_images_v1/TE_391/391-2_p03_img6.jpeg"
      ]
    },
    "391-3": {
      "session_id": 391,
      "images": [
        "drill_images_v1/TE_391/391-3_p04_img1.jpeg",
        "drill_images_v1/TE_391/391-3_p04_img2.jpeg",
        "drill_images_v1/TE_391/391-3_p04_img3.jpeg",
        "drill_images_v1/TE_391/391-3_p04_img4.jpeg",
        "drill_images_v1/TE_391/391-3_p04_img5.jpeg",
        "drill_images_v1/TE_391/391-3_p04_img6.jpeg",
        "drill_images_v1/TE_391/391-3_p04_img7.jpeg",
        "drill_images_v1/TE_391/391-3_p04_img8.jpeg",
        "drill_images_v1/TE_391/391-3_p04_img9.jpeg"
      ]
    },
    "391-4": {
      "session_id": 391,
      "images": [
        "drill_images_v1/TE_391/391-4_p05_img1.jpeg",
        "drill_images_v1/TE_391/391-4_p05_img2.jpeg",
        "drill_images_v1/TE_391/391-4_p05_img3.jpeg",
        "drill_images_v1/TE_391/391-4_p05_img4.jpeg",
        "drill_images_v1/TE_391/391-4_p05_img5.jpeg",
        "drill_images_v1/TE_391/391-4_p05_img6.jpeg"
      ]
    },
    "391-5": {
      "session_id": 391,
      "images": [
        "drill_images_v1/TE_391/391-5_p06_img1.jpeg",
        "drill_images_v1/TE_391/391-5_p06_img2.jpeg",
        "drill_images_v1/TE_391/391-5_p06_img3.jpeg",
        "drill_images_v1/TE_391/391-5_p06_img4.jpeg",
        "drill_images_v1/TE_391/391-5_p06_img5.jpeg",
        "drill_images_v1/TE_391/391-5_p06_img6.jpeg",
        "drill_images_v1/TE_391/391-5_p06_img7.jpeg",
        "drill_images_v1/TE_391/391-5_p06_img8.jpeg",
        "drill_images_v1/TE_391/391-5_p06_img9.jpeg",
        "drill_images_v1/TE_391/391-5_p06_img10.jpeg"
      ]
    },
    "391-6": {
      "session_id": 391,
      "images": [
        "drill_images_v1/TE_391/391-6_p07_img1.jpeg",
        "drill_images_v1/TE_391/391-6_p07_img2.jpeg",
        "drill_images_v1/TE_391/391-6_p07_img3.jpeg",
        "drill_images_v1/TE_391/391-6_p07_img4.jpeg",
        "drill_images_v1/TE_391/391-6_p07_img5.jpeg",
        "drill_images_v1/TE_391/391-6_p07_img6.jpeg",
        "drill_images_v1/TE_391/391-6_p07_img7.jpeg",
        "drill_images_v1/TE_391/391-6_p07_img8.jpeg",
        "drill_images_v1/TE_391/391-6_p07_img9.jpeg",
        "drill_images_v1/TE_391/391-6_p07_img10.jpeg"
      ]
    },
    "391-7": {
      "session_id": 391,
      "images": [
        "drill_images_v1/TE_391/391-7_p08_img1.jpeg",
        "drill_images_v1/TE_391/391-7_p08_img2.jpeg",
        "drill_images_v1/TE_391/391-7_p08_img3.jpeg",
        "drill_images_v1/TE_391/391-7_p08_img4.jpeg",
        "drill_images_v1/TE_391/391-7_p08_img5.jpeg",
        "drill_images_v1/TE_391/391-7_p08_img6.jpeg",
        "drill_images_v1/TE_391/391-7_p08_img7.jpeg",
        "drill_images_v1/TE_391/391-7_p08_img8.jpeg",
        "drill_images_v1/TE_391/391-7_p08_img9.jpeg",
        "drill_images_v1/TE_391/391-7_p08_img10.jpeg",
        "drill_images_v1/TE_391/391-7_p09_img1.jpeg",
        "drill_images_v1/TE_391/391-7_p09_img2.jpeg",
        "drill_images_v1/TE_391/391-7_p09_img3.jpeg",
        "drill_images_v1/TE_391/391-7_p09_img4.jpeg",
        "drill_images_v1/TE_391/391-7_p09_img5.jpeg",
        "drill_images_v1/TE_391/391-7_p09_img6.jpeg",
        "drill_images_v1/TE_391/391-7_p09_img7.jpeg",
        "drill_images_v1/TE_391/391-7_p09_img8.jpeg",
        "drill_images_v1/TE_391/391-7_p09_img9.jpeg",
        "drill_images_v1/TE_391/391-7_p09_img10.jpeg",
        "drill_images_v1/TE_391/391-7_p09_img11.jpeg",
        "drill_images_v1/TE_391/391-7_p09_img12.jpeg",
        "drill_images_v1/TE_391/391-7_p09_img13.jpeg",
        "drill_images_v1/TE_391/391-7_p09_img14.jpeg",
        "drill_images_v1/TE_391/391-7_p09_img15.jpeg"
      ]
    },
    "391-8": {
      "session_id": 391,
      "images": [
        "drill_images_v1/TE_391/391-8_p10_img1.jpeg"
      ]
    },
    "414-1": {
      "session_id": 414,
      "images": [
        "drill_images_v1/TE_414/414-1_p02_img1.jpeg",
        "drill_images_v1/TE_414/414-1_p02_img2.jpeg",
        "drill_images_v1/TE_414/414-1_p02_img3.jpeg"
      ]
    },
    "414-2": {
      "session_id": 414,
      "images": [
        "drill_images_v1/TE_414/414-2_p03_img1.jpeg",
        "drill_images_v1/TE_414/414-2_p03_img2.jpeg",
        "drill_images_v1/TE_414/414-2_p03_img3.jpeg"
      ]
    },
    "414-3": {
      "session_id": 414,
      "images": [
        "drill_images_v1/TE_414/414-3_p04_img1.jpeg",
        "drill_images_v1/TE_414/414-3_p04_img2.jpeg",
        "drill_images_v1/TE_414/414-3_p04_img3.jpeg",
        "drill_images_v1/TE_414/414-3_p04_img4.jpeg",
        "drill_images_v1/TE_414/414-3_p04_img5.jpeg",
        "drill_images_v1/TE_414/414-3_p04_img6.jpeg",
        "drill_images_v1/TE_414/414-3_p04_img7.jpeg",
        "drill_images_v1/TE_414/414-3_p04_img8.jpeg",
        "drill_images_v1/TE_414/414-3_p04_img9.jpeg",
        "drill_images_v1/TE_414/414-3_p04_img10.jpeg"
      ]
    },
    "414-4": {
      "session_id": 414,
      "images": [
        "drill_images_v1/TE_414/414-4_p05_img1.jpeg",
        "drill_images_v1/TE_414/414-4_p05_img2.jpeg",
        "drill_images_v1/TE_414/414-4_p05_img3.jpeg",
        "drill_images_v1/TE_414/414-4_p05_img4.jpeg",
        "drill_images_v1/TE_414/414-4_p05_img5.jpeg",
        "drill_images_v1/TE_414/414-4_p05_img6.jpeg",
        "drill_images_v1/TE_414/414-4_p05_img7.jpeg",
        "drill_images_v1/TE_414/414-4_p05_img8.jpeg",
        "drill_images_v1/TE_414/414-4_p05_img9.jpeg"
      ]
    },
    "414-5": {
      "session_id": 414,
      "images": [
        "drill_images_v1/TE_414/414-5_p06_img1.jpeg",
        "drill_images_v1/TE_414/414-5_p06_img2.jpeg",
        "drill_images_v1/TE_414/414-5_p06_img3.jpeg",
        "drill_images_v1/TE_414/414-5_p06_img4.jpeg",
        "drill_images_v1/TE_414/414-5_p06_img5.jpeg",
        "drill_images_v1/TE_414/414-5_p06_img6.jpeg",
        "drill_images_v1/TE_414/414-5_p06_img7.jpeg",
        "drill_images_v1/TE_414/414-5_p06_img8.jpeg",
        "drill_images_v1/TE_414/414-5_p06_img9.jpeg",
        "drill_images_v1/TE_414/414-5_p06_img10.jpeg",
        "drill_images_v1/TE_414/414-5_p06_img11.jpeg"
      ]
    },
    "414-6": {
      "session_id": 414,
      "images": [
        "drill_images_v1/TE_414/414-6_p07_img1.jpeg",
        "drill_images_v1/TE_414/414-6_p07_img2.jpeg",
        "drill_images_v1/TE_414/414-6_p07_img3.jpeg",
        "drill_images_v1/TE_414/414-6_p07_img4.jpeg",
        "drill_images_v1/TE_414/414-6_p07_img5.jpeg",
        "drill_images_v1/TE_414/414-6_p07_img6.jpeg",
        "drill_images_v1/TE_414/414-6_p07_img7.jpeg",
        "drill_images_v1/TE_414/414-6_p07_img8.jpeg",
        "drill_images_v1/TE_414/414-6_p07_img9.jpeg",
        "drill_images_v1/TE_414/414-6_p07_img10.jpeg",
        "drill_images_v1/TE_414/414-6_p07_img11.jpeg",
        "drill_images_v1/TE_414/414-6_p07_img12.jpeg"
      ]
    },
    "414-7": {
      "session_id": 414,
      "images": [
        "drill_images_v1/TE_414/414-7_p08_img1.jpeg",
        "drill_images_v1/TE_414/414-7_p08_img2.jpeg",
        "drill_images_v1/TE_414/414-7_p08_img3.jpeg",
        "drill_images_v1/TE_414/414-7_p08_img4.jpeg",
        "drill_images_v1/TE_414/414-7_p08_img5.jpeg",
        "drill_images_v1/TE_414/414-7_p08_img6.jpeg",
        "drill_images_v1/TE_414/414-7_p08_img7.jpeg",
        "drill_images_v1/TE_414/414-7_p08_img8.jpeg",
        "drill_images_v1/TE_414/414-7_p08_img9.jpeg",
        "drill_images_v1/TE_414/414-7_p08_img10.jpeg"
      ]
    },
    "415-1": {
      "session_id": 415,
      "images": [
        "drill_images_v1/TE_415/415-1_p02_img1.jpeg"
      ]
    },
    "415-2": {
      "session_id": 415,
      "images": [
        "drill_images_v1/TE_415/415-2_p03_img1.jpeg",
        "drill_images_v1/TE_415/415-2_p03_img2.jpeg",
        "drill_images_v1/TE_415/415-2_p03_img3.jpeg",
        "drill_images_v1/TE_415/415-2_p03_img4.jpeg",
        "drill_images_v1/TE_415/415-2_p03_img5.jpeg",
        "drill_images_v1/TE_415/415-2_p03_img6.jpeg",
        "drill_images_v1/TE_415/415-2_p03_img7.jpeg"
      ]
    },
    "415-3": {
      "session_id": 415,
      "images": [
        "drill_images_v1/TE_415/415-3_p04_img1.jpeg",
        "drill_images_v1/TE_415/415-3_p04_img2.jpeg",
        "drill_images_v1/TE_415/415-3_p04_img3.jpeg",
        "drill_images_v1/TE_415/415-3_p04_img4.jpeg",
        "drill_images_v1/TE_415/415-3_p04_img5.jpeg",
        "drill_images_v1/TE_415/415-3_p04_img6.jpeg",
        "drill_images_v1/TE_415/415-3_p04_img7.jpeg"
      ]
    },
    "415-4": {
      "session_id": 415,
      "images": [
        "drill_images_v1/TE_415/415-4_p05_img1.jpeg",
        "drill_images_v1/TE_415/415-4_p05_img2.jpeg",
        "drill_images_v1/TE_415/415-4_p05_img3.jpeg",
        "drill_images_v1/TE_415/415-4_p05_img4.jpeg",
        "drill_images_v1/TE_415/415-4_p05_img5.jpeg",
        "drill_images_v1/TE_415/415-4_p05_img6.jpeg",
        "drill_images_v1/TE_415/415-4_p05_img7.jpeg",
        "drill_images_v1/TE_415/415-4_p05_img8.jpeg"
      ]
    },
    "415-5": {
      "session_id": 415,
      "images": [
        "drill_images_v1/TE_415/415-5_p06_img1.jpeg",
        "drill_images_v1/TE_415/415-5_p06_img2.jpeg",
        "drill_images_v1/TE_415/415-5_p06_img3.jpeg",
        "drill_images_v1/TE_415/415-5_p06_img4.jpeg",
        "drill_images_v1/TE_415/415-5_p06_img5.jpeg",
        "drill_images_v1/TE_415/415-5_p06_img6.jpeg",
        "drill_images_v1/TE_415/415-5_p06_img7.jpeg",
        "drill_images_v1/TE_415/415-5_p06_img8.jpeg"
      ]
    },
    "415-6": {
      "session_id": 415,
      "images": [
        "drill_images_v1/TE_415/415-6_p07_img1.jpeg",
        "drill_images_v1/TE_415/415-6_p07_img2.jpeg",
        "drill_images_v1/TE_415/415-6_p07_img3.jpeg",
        "drill_images_v1/TE_415/415-6_p07_img4.jpeg",
        "drill_images_v1/TE_415/415-6_p07_img5.jpeg",
        "drill_images_v1/TE_415/415-6_p07_img6.jpeg",
        "drill_images_v1/TE_415/415-6_p07_img7.jpeg",
        "drill_images_v1/TE_415/415-6_p07_img8.jpeg",
        "drill_images_v1/TE_415/415-6_p07_img9.jpeg",
        "drill_images_v1/TE_415/415-6_p07_img10.jpeg",
        "drill_images_v1/TE_415/415-6_p08_img1.jpeg",
        "drill_images_v1/TE_415/415-6_p08_img2.jpeg",
        "drill_images_v1/TE_415/415-6_p08_img3.jpeg",
        "drill_images_v1/TE_415/415-6_p08_img4.jpeg",
        "drill_images_v1/TE_415/415-6_p08_img5.jpeg",
        "drill_images_v1/TE_415/415-6_p08_img6.jpeg",
        "drill_images_v1/TE_415/415-6_p08_img7.jpeg",
        "drill_images_v1/TE_415/415-6_p08_img8.jpeg",
        "drill_images_v1/TE_415/415-6_p08_img9.jpeg",
        "drill_images_v1/TE_415/415-6_p08_img10.jpeg",
        "drill_images_v1/TE_415/415-6_p08_img11.jpeg"
      ]
    },
    "415-7": {
      "session_id": 415,
      "images": [
        "drill_images_v1/TE_415/415-7_p09_img1.jpeg",
        "drill_images_v1/TE_415/415-7_p09_img2.jpeg",
        "drill_images_v1/TE_415/415-7_p09_img3.jpeg",
        "drill_images_v1/TE_415/415-7_p09_img4.jpeg",
        "drill_images_v1/TE_415/415-7_p09_img5.jpeg",
        "drill_images_v1/TE_415/415-7_p09_img6.jpeg",
        "drill_images_v1/TE_415/415-7_p09_img7.jpeg",
        "drill_images_v1/TE_415/415-7_p09_img8.jpeg"
      ]
    }
  }
}